<?xml version="1.0" encoding="UTF-8" standalone="yes"?>
<addon id="repository.misty" name="misty's k19-addons" version="1.0.1" provider-name="misty">
	<extension point="xbmc.addon.repository" name="misty's Addon Repository">
		<info compressed="false">https://github.com/misty-/k19-addons/raw/master/addons.xml</info>
		<checksum>https://github.com/misty-/k19-addons/raw/master/addons.xml.md5</checksum>
		<datadir zip="true">https://github.com/misty-/k19-addons/raw/master/zips</datadir>
	</extension>
	<extension point="xbmc.addon.metadata">
		<summary>misty's k19-addons</summary>
		<description>Download and install addons by misty</description>
		<platform>all</platform>
		<assets>
            <icon>icon.png</icon>
        </assets>
	</extension>
</addon>

