<?xml version="1.0" encoding="UTF-8" standalone="yes"?>
<addon id="plugin.video.bestofnhk" name="Best of NHK" version="3.0.03" provider-name="misty">
  <requires>
        <import addon="xbmc.python" version="3.0.0"/>
	    <import addon="plugin.video.youtube" version="6.8.2"/>
  </requires>
  <extension point="xbmc.python.pluginsource" library="default.py">
        <provides>video</provides>
  </extension>
  <extension point="xbmc.addon.metadata">
  	    <platform>all</platform>
  	    <language></language>
        <summary>NHK World</summary>
        <description>Weird, fun, interesting documentaries from NHK World Japan. New shows daily.</description>
        <news>Ver. 3.0.03
              Best of NHK
              Kodi 19.x is the minimum version for this add-on.
              Best of NHK add-on is now compatible with Kodi 19 (Matrix)
              Fix: Live streams
        </news>
        <assets>
            <icon>icon.png</icon>
            <fanart>fanart.jpg</fanart>
        </assets>
  </extension>
</addon>